feature,chrome,firefox,safari,interop
aborting,100.0,100.0,100.0,100.0
abortsignal-any,100.0,100.0,100.0,100.0
active-view-transition,100.0,100.0,100.0,100.0
alternative-style-sheets,100.0,100.0,100.0,100.0
animation-composition,100.0,100.0,100.0,100.0
aria-attribute-reflection,100.0,100.0,100.0,100.0
autofill,100.0,100.0,100.0,100.0
b,100.0,100.0,100.0,100.0
base64encodedecode,100.0,100.0,100.0,100.0
bdo,100.0,100.0,100.0,100.0
br,100.0,100.0,100.0,100.0
cap,100.0,100.0,100.0,100.0
cascade-layers,100.0,100.0,100.0,100.0
check-visibility,100.0,100.0,100.0,100.0
color-contrast,100.0,100.0,100.0,100.0
color-gamut,100.0,100.0,100.0,100.0
contain,100.0,100.0,100.0,100.0
contain-intrinsic-size,100.0,100.0,100.0,100.0
contenteditable-plaintextonly,100.0,100.0,100.0,100.0
cookie-enabled,100.0,100.0,100.0,100.0
counter-set,100.0,100.0,100.0,100.0
crisp-edges,100.0,100.0,100.0,100.0
css-escape,100.0,100.0,100.0,100.0
cubic-bezier-easing,100.0,100.0,100.0,100.0
default,100.0,100.0,100.0,100.0
del,100.0,100.0,100.0,100.0
description-list,100.0,100.0,100.0,100.0
details-content,100.0,100.0,100.0,100.0
details-name,100.0,100.0,100.0,100.0
device-queries,100.0,100.0,100.0,100.0
dir-pseudo,100.0,100.0,100.0,100.0
div,100.0,100.0,100.0,100.0
document-colors,100.0,100.0,100.0,100.0
early-data,100.0,100.0,100.0,100.0
empty,100.0,100.0,100.0,100.0
font-optical-sizing,100.0,100.0,100.0,100.0
font-variant-alternates,100.0,100.0,100.0,100.0
gethtml,100.0,100.0,100.0,100.0
gradient-interpolation,100.0,100.0,100.0,100.0
grid-animation,100.0,100.0,100.0,100.0
hardware-concurrency,100.0,100.0,100.0,100.0
headings,100.0,100.0,100.0,100.0
hidden-until-found,100.0,100.0,100.0,100.0
http2,100.0,100.0,100.0,100.0
hwb,100.0,100.0,100.0,100.0
imagebitmaprenderingcontext,100.0,100.0,100.0,100.0
import,100.0,100.0,100.0,100.0
initial-value,100.0,100.0,100.0,100.0
input-button,100.0,100.0,100.0,100.0
input-file,100.0,100.0,100.0,100.0
input-hidden,100.0,100.0,100.0,100.0
input-image,100.0,100.0,100.0,100.0
input-password,100.0,100.0,100.0,100.0
input-reset,100.0,100.0,100.0,100.0
input-submit,100.0,100.0,100.0,100.0
ins,100.0,100.0,100.0,100.0
isolation,100.0,100.0,100.0,100.0
language,100.0,100.0,100.0,100.0
mask-type,100.0,100.0,100.0,100.0
media-query-range-syntax,100.0,100.0,100.0,100.0
min-max-width-height,100.0,100.0,100.0,100.0
modal,100.0,100.0,100.0,100.0
named-color,100.0,100.0,100.0,100.0
namespace,100.0,100.0,100.0,100.0
nth-child,100.0,100.0,100.0,100.0
nth-child-of,100.0,100.0,100.0,100.0
nth-of-type,100.0,100.0,100.0,100.0
online,100.0,100.0,100.0,100.0
output,100.0,100.0,100.0,100.0
overflow,100.0,100.0,100.0,100.0
overflow-overlay,100.0,100.0,100.0,100.0
p,100.0,100.0,100.0,100.0
pdf-viewer,100.0,100.0,100.0,100.0
physical-properties,100.0,100.0,100.0,100.0
picture,100.0,100.0,100.0,100.0
position,100.0,100.0,100.0,100.0
pre,100.0,100.0,100.0,100.0
prefers-contrast,100.0,100.0,100.0,100.0
preloading-responsive-images,100.0,100.0,100.0,100.0
q-unit,100.0,100.0,100.0,100.0
queuemicrotask,100.0,100.0,100.0,100.0
rcap,100.0,100.0,100.0,100.0
rch,100.0,100.0,100.0,100.0
request-animation-frame,100.0,100.0,100.0,100.0
request-animation-frame-workers,100.0,100.0,100.0,100.0
rex,100.0,100.0,100.0,100.0
rgb,100.0,100.0,100.0,100.0
ric,100.0,100.0,100.0,100.0
root,100.0,100.0,100.0,100.0
ruby,100.0,100.0,100.0,100.0
safe-area-inset,100.0,100.0,100.0,100.0
scope-pseudo,100.0,100.0,100.0,100.0
screen,100.0,100.0,100.0,100.0
scripting,100.0,100.0,100.0,100.0
scrollbar-width,100.0,100.0,100.0,100.0
search-input-type,100.0,100.0,100.0,100.0
setinterval,100.0,100.0,100.0,100.0
settimeout,100.0,100.0,100.0,100.0
show-picker-input,100.0,100.0,100.0,100.0
slot-assign,100.0,100.0,100.0,100.0
static-positioning,100.0,100.0,100.0,100.0
strong,100.0,100.0,100.0,100.0
style-attr,100.0,100.0,100.0,100.0
svg-discouraged,100.0,100.0,100.0,100.0
text-encoding,100.0,100.0,100.0,100.0
text-indent-each-line,100.0,100.0,100.0,100.0
text-indent-hanging,100.0,100.0,100.0,100.0
text-wrap,100.0,100.0,100.0,100.0
time,100.0,100.0,100.0,100.0
title,100.0,100.0,100.0,100.0
transition-behavior,100.0,100.0,100.0,100.0
update,100.0,100.0,100.0,100.0
url-canparse,100.0,100.0,100.0,100.0
user-agent-sniffing,100.0,100.0,100.0,100.0
view-transition-class,100.0,100.0,100.0,100.0
viewport-unit-variants,100.0,100.0,100.0,100.0
visibility,100.0,100.0,100.0,100.0
wbr,100.0,100.0,100.0,100.0
webauthn-public-key-easy,100.0,100.0,100.0,100.0
webvtt-cue-settings,100.0,100.0,100.0,100.0
where,100.0,100.0,100.0,100.0
word-spacing,100.0,100.0,100.0,100.0
writing-mode-svg-values,100.0,100.0,100.0,100.0
line-height,100.0,99.9,100.0,99.9
all,99.8,99.9,100.0,99.8
not,100.0,99.8,99.8,99.8
accent-color,100.0,99.6,99.6,99.6
readable-byte-streams,99.6,100.0,100.0,99.6
logical-properties,99.9,99.6,99.5,99.5
padding,100.0,99.5,100.0,99.5
relative-color,99.4,100.0,100.0,99.4
tabindex,100.0,100.0,99.4,99.4
meta,100.0,99.3,100.0,99.3
mutationobserver,99.3,100.0,99.3,99.3
round-mod-rem,100.0,100.0,99.3,99.3
anchor-positioning,99.6,99.2,99.4,99.2
data-urls,100.0,99.2,99.7,99.2
outlines,99.2,99.2,99.5,99.2
cors,100.0,99.1,99.1,99.1
declarative-shadow-dom,99.2,99.1,99.2,99.1
hsl,100.0,99.1,100.0,99.1
calc-constants,99.5,100.0,99.0,99.0
transforms3d,99.6,99.0,99.1,99.0
dom-geometry,99.6,98.9,99.0,98.9
localstorage,98.9,99.4,99.4,98.9
srcset,100.0,98.9,99.4,98.9
streams,99.3,99.6,98.9,98.9
attr-contents,100.0,98.8,100.0,98.8
table,100.0,98.7,100.0,98.7
clip,100.0,98.6,99.4,98.6
float-clear,100.0,98.6,100.0,98.6
font-size,98.9,99.7,98.6,98.6
font-variation-settings,100.0,98.9,98.6,98.6
textarea,100.0,98.6,98.6,98.6
borders,99.4,99.6,98.5,98.5
css-supports,98.7,99.7,98.3,98.3
has,99.0,99.3,98.3,98.3
min-max-clamp,99.0,99.7,98.3,98.3
scrollbar-gutter,100.0,98.3,99.1,98.3
color-function,100.0,100.0,98.2,98.2
file,99.5,99.1,98.2,98.2
background-color,100.0,98.5,98.1,98.1
charset,100.0,98.1,100.0,98.1
tab-size,100.0,99.2,98.1,98.1
webgl,99.8,98.2,98.1,98.1
xpath,99.3,98.1,99.4,98.1
structured-clone,100.0,100.0,98.0,98.0
z-index,98.0,98.0,98.0,98.0
flexbox-gap,100.0,97.9,97.9,97.9
contain-inline-size,100.0,100.0,97.8,97.8
performance,98.7,97.8,97.8,97.8
trig-functions,100.0,97.8,98.8,97.8
font-variant-east-asian,100.0,97.7,100.0,97.7
script,99.6,99.0,97.7,97.7
canvas-roundrect,100.0,100.0,97.6,97.6
contain-paint,100.0,100.0,97.6,97.6
exp-functions,100.0,97.6,100.0,97.6
font-variant-numeric,100.0,97.6,100.0,97.6
selection-api,99.9,97.6,99.8,97.6
font-variant,98.8,97.5,98.8,97.5
broadcast-channel,97.4,100.0,100.0,97.4
contain-layout,98.7,97.4,97.4,97.4
font-variant-ligatures,100.0,97.4,98.8,97.4
appearance,99.7,100.0,97.3,97.3
grid,99.1,98.0,97.3,97.3
page-visibility,100.0,100.0,97.3,97.3
background-repeat,97.2,98.6,97.2,97.2
image-set,97.2,98.2,99.1,97.2
matchmedia,97.2,100.0,98.1,97.2
nesting,99.4,100.0,96.9,96.9
scroll-into-view,97.5,98.1,96.9,96.9
font-style,97.3,96.8,97.3,96.8
motion-path,99.4,98.0,96.7,96.7
gradients,100.0,98.6,96.6,96.6
object-position,96.6,100.0,98.3,96.6
read-write-pseudos,100.0,96.4,100.0,96.4
requestclose,100.0,100.0,96.4,96.4
trusted-types,97.0,99.3,96.4,96.4
form-associated-custom-elements,96.3,97.2,97.2,96.3
state,98.1,100.0,96.3,96.3
cursor,96.2,96.2,97.7,96.2
import-maps,100.0,96.2,98.2,96.2
channel-messaging,98.2,98.5,96.1,96.1
document-write,96.1,97.5,97.2,96.1
list-style,96.1,100.0,96.1,96.1
media-queries,99.0,96.1,99.0,96.1
transforms2d,99.8,96.1,96.4,96.1
font-variant-caps,100.0,96.0,100.0,96.0
registered-custom-properties,96.0,96.0,99.0,96.0
web-animations,96.0,96.3,96.9,96.0
starting-style,100.0,95.8,100.0,95.8
contrast-color,100.0,95.7,100.0,95.7
dataset,97.8,100.0,95.7,95.7
server-sent-events,95.7,100.0,99.3,95.7
border-image,95.6,99.7,95.7,95.6
autonomous-custom-elements,99.1,98.8,95.5,95.5
document-caretpositionfrompoint,100.0,100.0,95.5,95.5
js-modules-workers,99.2,95.5,95.5,95.5
lh,100.0,100.0,95.5,95.5
content-visibility,97.8,95.6,95.4,95.4
console,100.0,95.3,95.3,95.3
font-size-adjust,99.7,95.3,99.9,95.3
postmessage,97.1,96.7,95.3,95.3
template,95.8,95.3,95.8,95.3
js-modules-shared-workers,99.0,95.2,95.2,95.2
web-locks,97.5,97.5,95.2,95.2
width-height,99.1,96.4,95.2,95.2
constructed-stylesheets,95.1,100.0,100.0,95.1
scope,97.1,96.7,95.1,95.1
steps-easing,97.6,98.8,95.1,95.1
xhr,95.1,98.8,98.2,95.1
box-sizing,100.0,97.8,95.0,95.0
events,96.8,95.0,95.0,95.0
flexbox,98.5,96.3,94.9,94.9
form,98.2,94.9,98.5,94.9
dominant-baseline,94.7,98.9,95.4,94.7
constraint-validation,100.0,94.6,94.8,94.6
navigation-timing,99.6,95.4,94.5,94.5
scroll-behavior,100.0,100.0,94.5,94.5
wasm,94.5,96.2,98.4,94.5
input-selectors,94.4,94.4,94.4,94.4
progress,94.4,100.0,100.0,94.4
shape-function,100.0,100.0,94.4,94.4
calc,99.4,94.3,96.8,94.3
dedicated-workers,94.3,99.4,98.4,94.3
referrer-policy,99.7,94.9,94.3,94.3
text-shadow,99.0,96.9,94.2,94.2
bdi,100.0,94.1,100.0,94.1
domparser,95.8,97.2,94.0,94.0
paint-order,100.0,94.0,100.0,94.0
invoker-commands,94.1,94.2,93.9,93.9
font-palette,100.0,99.2,93.8,93.8
overflow-wrap,95.5,93.6,95.5,93.6
input-range,97.8,93.5,97.8,93.5
opacity,94.7,93.4,99.6,93.4
media-playback-quality,100.0,93.3,100.0,93.3
text-underline-position,96.6,100.0,93.1,93.1
scrollbar-color,100.0,100.0,93.0,93.0
margin,98.7,92.9,94.1,92.9
oklab,92.9,92.9,92.9,92.9
slot,93.9,99.0,92.9,92.9
masks,100.0,99.8,92.8,92.8
contenteditable,95.8,95.8,92.7,92.7
letter-spacing,93.6,93.9,92.6,92.6
input-date-time,99.4,92.5,92.5,92.5
mixed-content,95.8,93.4,92.5,92.5
backdrop-filter,97.5,99.2,92.4,92.4
iframe-sandbox,96.6,94.9,92.4,92.4
background,95.4,95.9,92.3,92.3
hr,100.0,92.3,100.0,92.3
ic,100.0,100.0,92.3,92.3
indexeddb,100.0,92.5,92.3,92.3
list-elements,94.2,92.2,94.2,92.2
element-from-point,100.0,93.1,92.0,92.0
canvas,96.1,95.2,91.8,91.8
font-shorthand,92.4,99.8,91.8,91.8
server-timing,98.1,93.0,91.8,91.8
zstd,100.0,100.0,91.8,91.8
ch,100.0,95.8,91.7,91.7
currentcolor,91.7,91.7,91.7,91.7
fetch,92.3,92.0,91.7,91.7
http-authentication,97.9,100.0,91.7,91.7
supports,92.6,92.6,91.7,91.7
translate,100.0,91.7,100.0,91.7
unset-value,100.0,100.0,91.7,91.7
base,91.4,94.5,98.2,91.4
caret-color,91.8,91.4,91.8,91.4
push,93.5,91.4,91.8,91.4
visual-viewport,94.3,91.4,94.3,91.4
prefers-color-scheme,100.0,100.0,91.3,91.3
beacons,97.1,91.2,99.0,91.2
font-family,93.0,94.7,91.2,91.2
opacity-svg,91.2,93.5,100.0,91.2
container-queries,97.3,91.1,93.9,91.1
resize-observer,97.8,97.1,91.1,91.1
font-feature-settings,100.0,90.9,98.5,90.9
lab,90.9,90.9,90.9,90.9
lang-attr,100.0,90.9,95.5,90.9
link-selectors,100.0,90.9,90.9,90.9
shadow-dom,96.2,90.6,95.1,90.6
sticky-positioning,95.0,90.6,90.6,90.6
details,97.8,100.0,90.5,90.5
search,100.0,100.0,90.5,90.5
will-change,100.0,100.0,90.5,90.5
shared-workers,91.5,90.6,90.2,90.2
filter,99.8,90.1,98.9,90.1
indeterminate,90.0,100.0,100.0,90.0
toggleevent-source,95.0,95.0,90.0,90.0
input-number,98.0,93.9,89.8,89.8
counter-style,94.9,93.2,89.3,89.3
web-audio,97.0,89.3,96.3,89.3
pointer-events-api,91.6,91.7,89.2,89.2
abs-sign,97.8,89.1,97.8,89.1
custom-properties,95.6,89.1,92.0,89.1
wasm-string-builtins,91.1,89.1,91.1,89.1
display-contents,97.6,89.0,92.7,89.0
unlabeled,89.3,89.0,92.0,89.0
fixed-positioning,100.0,100.0,88.9,88.9
font-synthesis-weight,100.0,88.9,88.9,88.9
is,88.9,98.4,92.1,88.9
shadow-parts,95.9,93.8,88.9,88.9
word-break-break-word,100.0,88.9,100.0,88.9
text-indent,100.0,88.5,92.3,88.5
vertical-form-controls,100.0,88.5,92.3,88.5
scroll-snap,98.7,91.7,88.3,88.3
content,97.8,97.1,88.2,88.2
js-modules-service-workers,100.0,88.2,94.1,88.2
mediastream-recording,96.1,92.2,88.2,88.2
object,96.3,90.7,88.2,88.2
private-click-measurement,88.2,88.2,100.0,88.2
transform-box,97.1,100.0,88.2,88.2
clip-path-animatable,88.1,99.2,98.0,88.1
color-mix,88.8,89.6,88.1,88.1
iframe,96.4,94.0,88.1,88.1
meter,88.1,100.0,94.0,88.1
event-timing,93.3,93.9,87.8,87.8
css-object-model,95.0,100.0,87.7,87.7
dialog,87.6,96.0,91.6,87.6
background-position,98.8,87.5,97.7,87.5
em-unit,87.5,87.5,100.0,87.5
font-kerning,94.7,87.5,87.7,87.5
font-synthesis-small-caps,100.0,100.0,87.5,87.5
get-computed-style,91.7,91.7,87.5,87.5
svg-filters,87.5,100.0,87.5,87.5
label,87.3,95.2,93.7,87.3
text-tracks,91.8,96.4,87.3,87.3
beforeunload,100.0,100.0,87.1,87.1
execcommand,92.6,96.4,87.1,87.1
url,87.1,96.1,99.7,87.1
js-modules,93.8,96.3,87.0,87.0
background-origin,92.1,94.7,86.8,86.8
viewport-units,99.2,86.9,86.8,86.8
input-email-tel-url,86.7,86.7,86.7,86.7
canvas-reset,100.0,91.9,86.5,86.5
form-validity-pseudos,100.0,86.5,86.5,86.5
mix-blend-mode,95.2,95.2,86.5,86.5
service-workers,86.5,90.1,89.9,86.5
storage-manager,100.0,88.3,86.4,86.4
zoom,94.5,86.4,93.7,86.4
audio-worklet,97.4,86.3,96.9,86.3
line-break,90.9,97.2,86.3,86.3
writing-mode,95.1,96.9,86.2,86.2
gpc,86.1,100.0,86.1,86.1
marker,98.8,87.5,86.0,86.0
change-event,85.7,100.0,92.9,85.7
image-orientation,93.9,91.8,85.7,85.7
user-pseudos,100.0,85.7,100.0,85.7
wasm-multi-value,85.7,85.7,85.7,85.7
color-scheme,98.8,98.1,85.6,85.6
largest-contentful-paint,95.7,89.7,85.5,85.5
mouse-events,89.3,95.8,85.1,85.1
abortable-fetch,95.1,85.0,96.1,85.0
device-memory,100.0,85.0,85.0,85.0
location,87.3,84.9,93.7,84.9
select,90.8,84.9,87.4,84.9
transitions,88.1,84.9,97.1,84.9
embed,100.0,84.8,87.9,84.8
overflow-shorthand,98.5,97.0,84.8,84.8
createimagebitmap,89.0,93.0,84.7,84.7
backdrop,100.0,84.6,84.6,84.6
fetch-priority,84.6,100.0,84.6,84.6
font-variant-position,84.6,100.0,84.6,84.6
intersection-observer,96.5,90.0,84.6,84.6
highlight,94.0,96.8,84.4,84.4
display-mode,100.0,84.2,84.2,84.2
inert,97.3,97.3,84.1,84.1
cookies,97.6,94.9,83.9,83.9
white-space,92.6,83.9,92.4,83.9
request-video-frame-callback,83.8,83.8,83.8,83.8
view-transitions,97.8,83.7,88.1,83.7
input,88.2,87.1,83.6,83.6
media-capabilities,86.1,83.8,83.6,83.6
font-stretch,96.8,83.5,97.1,83.5
navigation,91.8,88.3,83.5,83.5
ex,100.0,100.0,83.3,83.3
file-selector-button,100.0,100.0,83.3,83.3
fit-content,100.0,94.4,83.3,83.3
font-synthesis-style,83.3,100.0,83.3,83.3
inherit-value,83.3,83.3,83.3,83.3
is-secure-context,83.3,100.0,84.7,83.3
subgrid,99.3,83.3,95.6,83.3
pointer-lock,83.1,87.7,92.3,83.1
clip-path,96.0,82.7,83.3,82.7
webrtc,86.8,85.4,82.7,82.7
font-weight,93.5,82.6,89.1,82.6
word-break,87.5,88.8,82.5,82.5
placeholder-shown,100.0,100.0,82.4,82.4
wasm-bulk-memory,82.2,82.2,100.0,82.2
a,98.9,98.9,82.1,82.1
storage-access,98.3,100.0,82.1,82.1
aspect-ratio,99.6,97.7,81.9,81.9
canvas-createconicgradient,100.0,81.8,81.8,81.8
clipboard-events,100.0,100.0,81.8,81.8
history,93.3,86.7,81.8,81.8
counters,81.7,93.3,82.9,81.7
display-table,95.9,89.6,81.7,81.7
individual-transforms,98.6,98.6,81.4,81.4
canvas-2d,85.4,83.4,81.3,81.3
link,81.0,97.9,94.4,81.0
absolute-positioning,100.0,93.0,80.8,80.8
window,84.3,93.0,80.6,80.6
background-size,84.7,93.9,80.5,80.5
autofocus,82.4,86.3,80.4,80.4
datalist,100.0,80.0,80.0,80.0
dirname,100.0,80.0,80.0,80.0
download,100.0,100.0,80.0,80.0
hyphens,92.5,95.0,80.0,80.0
input-radio,100.0,100.0,80.0,80.0
outline,100.0,94.3,80.0,80.0
placeholder,80.0,100.0,80.0,80.0
png,100.0,97.1,80.0,80.0
speech-synthesis,80.0,83.3,90.0,80.0
column-span,94.8,93.3,79.7,79.7
text-align-last,79.7,79.7,99.1,79.7
vertical-align,82.1,93.8,79.6,79.6
cookie-store,94.4,99.4,79.3,79.3
background-blend-mode,81.2,97.9,79.2,79.2
lang,78.9,94.4,90.0,78.9
parse-html-unsafe,83.1,78.9,83.1,78.9
spellcheck,100.0,78.6,100.0,78.6
background-clip,82.4,78.4,90.2,78.4
csp,88.8,79.3,78.4,78.4
dynamic-range,78.3,100.0,78.3,78.3
gamepad,78.3,92.2,78.3,78.3
alt-text-generated-content,91.6,83.2,77.9,77.9
preserves-pitch,100.0,100.0,77.8,77.8
related-apps,100.0,77.8,77.8,77.8
text-orientation,100.0,100.0,77.8,77.8
web-cryptography,77.8,83.8,82.0,77.8
compression-streams,77.6,100.0,93.6,77.6
first-line,97.0,83.6,77.6,77.6
popover,99.6,99.1,77.6,77.6
audio,100.0,77.5,80.0,77.5
contain-size,100.0,77.4,97.5,77.4
input-checkbox,77.4,80.6,100.0,77.4
svg,77.7,91.1,76.9,76.9
multi-column,99.1,86.6,76.8,76.8
loading-lazy,87.4,89.3,76.7,76.7
wasm-exception-handling,78.1,76.6,89.8,76.6
prefers-reduced-transparency,100.0,76.5,76.5,76.5
resize,100.0,76.5,88.2,76.5
hashchange,100.0,100.0,76.2,76.2
blocking-render,100.0,75.7,90.3,75.7
focus-within,86.5,91.9,75.7,75.7
link-rel-preconnect,100.0,100.0,75.0,75.0
messageerror,100.0,75.0,75.0,75.0
origin-private-file-system,100.0,75.0,83.3,75.0
print,75.0,75.0,75.0,75.0
rect-xywh,75.0,100.0,100.0,75.0
websockets,92.6,75.1,75.0,75.0
animations-css,97.5,74.9,98.4,74.9
media-capture,89.3,74.9,76.1,74.9
wasm-memory64,78.2,78.2,74.9,74.9
first-letter,93.3,89.3,74.7,74.7
offline-audio-context,74.6,74.6,74.6,74.6
media-source,78.4,74.4,88.1,74.4
min-max-content,99.8,75.4,74.2,74.2
scroll-to-text-fragment,74.2,96.9,84.0,74.2
geolocation,96.8,83.5,74.0,74.0
text-align,74.0,86.0,80.0,74.0
border-radius,73.9,74.3,73.9,73.9
overflow-clip,95.7,91.3,73.9,73.9
text-overflow,74.4,93.8,73.5,73.5
clip-path-boxes,100.0,80.0,73.3,73.3
inverted-colors,73.3,73.3,100.0,73.3
relative-positioning,98.9,96.7,73.3,73.3
shapes,77.0,73.0,100.0,73.0
draganddrop,95.5,74.8,72.9,72.9
mathml,97.2,76.3,72.9,72.9
permissions,95.1,91.3,72.8,72.8
align-content-block,94.1,99.5,72.7,72.7
layout-direction-override,98.9,72.4,83.9,72.4
quotes,90.7,90.7,72.1,72.1
scrollend,98.4,72.1,88.5,72.1
img,83.4,86.1,71.9,71.9
offscreen-canvas,77.9,74.5,71.8,71.8
image-rendering,71.4,85.7,71.4,71.4
linear-easing,71.4,71.4,97.6,71.4
partitioned-cookies,100.0,100.0,71.4,71.4
revert-value,100.0,71.4,100.0,71.4
webauthn,99.0,92.4,71.3,71.3
background-attachment,94.2,84.6,71.2,71.2
display-animation,100.0,71.0,100.0,71.0
user-activation,84.4,75.6,70.7,70.7
wasm-threads,82.4,70.6,82.4,70.6
video,94.4,70.4,74.6,70.4
fetch-metadata,91.8,93.5,69.7,69.7
overscroll-behavior,73.9,77.2,69.6,69.6
smil-svg-animations,91.3,93.5,69.6,69.6
system-color,96.8,90.9,69.5,69.5
ruby-align,84.6,100.0,69.2,69.2
referencetarget,68.9,72.3,72.3,68.9
font-palette-animation,100.0,68.6,68.6,68.6
text-wrap-balance,77.1,85.7,68.6,68.6
fullscreen,88.3,85.1,68.5,68.5
media-session,92.3,68.5,80.8,68.5
style,76.7,68.3,68.3,68.3
modulepreload,85.1,75.5,68.1,68.1
source,67.6,82.4,73.5,67.6
white-space-collapse,67.3,89.1,67.3,67.3
shape-outside,67.2,72.6,90.6,67.2
color,100.0,100.0,66.7,66.7
figure,91.7,66.7,100.0,66.7
open-pseudo,100.0,77.8,66.7,66.7
rlh,100.0,100.0,66.7,66.7
selectors,66.9,99.1,66.7,66.7
scroll-elements,88.0,99.5,66.2,66.2
contain-style,97.9,95.7,66.0,66.0
wasm-garbage-collection,65.9,65.9,99.7,65.9
encrypted-media-extensions,96.9,79.1,65.8,65.8
text-decoration,73.0,96.2,65.5,65.5
webcodecs,91.4,85.9,65.5,65.5
background-image,70.5,74.3,65.1,65.1
composed-ranges,97.3,67.6,64.9,64.9
conic-gradients,94.1,88.2,64.7,64.7
background-clip-text,85.7,64.3,64.3,64.3
reporting,86.6,73.1,64.2,64.2
html-media-capture,63.6,63.6,63.6,63.6
keyboard-events,80.6,93.2,63.6,63.6
image-maps,98.9,63.4,86.9,63.4
column-fill,99.6,70.9,63.0,63.0
xml-serializer,87.0,63.0,69.6,63.0
table-discouraged,62.2,66.2,67.6,62.2
fieldset,72.9,96.8,62.0,62.0
ruby-position,61.9,95.2,66.7,61.9
badging,78.2,61.8,61.8,61.8
wheel-events,73.5,61.8,76.5,61.8
link-rel-preload,95.8,66.2,61.7,61.7
barprop,100.0,60.0,100.0,60.0
button,67.5,95.0,60.0,60.0
hyphenate-character,80.0,100.0,60.0,60.0
iframe-srcdoc,86.7,70.0,60.0,60.0
savedata,100.0,60.0,60.0,60.0
scroll-into-view-container,100.0,60.0,60.0,60.0
user-action-pseudos,60.0,100.0,80.0,60.0
font-synthesis,59.4,100.0,59.4,59.4
box-shadow,72.4,59.3,64.6,59.3
webrtc-stats,87.0,61.5,59.0,59.0
webxr-dom-overlays,73.7,58.9,58.9,58.9
font-loading,67.6,72.5,58.5,58.5
focus-events,58.3,100.0,76.2,58.3
page-lifecycle,83.3,58.3,58.3,58.3
text-stroke-fill,83.3,100.0,58.3,58.3
page-setup,89.4,58.2,64.7,58.2
font-family-ui,57.9,57.9,100.0,57.9
webrtc-sctp,78.9,57.9,78.9,57.9
touch-action,100.0,64.6,57.6,57.6
screen-wake-lock,97.3,90.4,57.5,57.5
page-break-aliases,100.0,100.0,57.1,57.1
path-shape,57.1,100.0,100.0,57.1
wasm-exnref-exceptions,57.1,57.1,100.0,57.1
display,80.4,78.8,56.8,56.8
paint-timing,94.6,70.3,56.8,56.8
credential-management,94.8,57.5,56.6,56.6
notifications,82.8,69.3,56.4,56.4
text-combine-upright,57.3,69.8,56.2,56.2
webrtc-encoded-transform,67.8,56.5,56.1,56.1
column-breaks,97.4,55.7,60.3,55.7
webtransport,55.7,64.1,76.7,55.7
webvtt,55.4,64.7,63.6,55.4
prefers-reduced-motion,55.2,55.2,55.2,55.2
clear-site-data,54.9,92.7,65.5,54.9
host-context,100.0,54.5,54.5,54.5
font-face,54.3,77.2,62.4,54.3
popover-hint,70.3,70.3,54.1,54.1
wasm-tail-call-optimization,53.5,53.5,99.1,53.5
two-value-display,75.3,75.9,53.3,53.3
font-width,55.9,52.9,100.0,52.9
target-text,94.7,68.4,52.6,52.6
canvas-2d-color-management,92.9,52.3,99.5,52.3
display-ruby,60.9,89.8,52.3,52.3
upgrade-insecure-requests,83.3,52.1,73.4,52.1
text-underline-offset,100.0,100.0,52.0,52.0
wasm-simd,51.8,51.8,100.0,51.8
text-transform,73.5,50.8,64.6,50.8
wasm-typed-fun-refs,50.8,50.8,95.9,50.8
display-flow-root,100.0,100.0,50.0,50.0
display-list-item,100.0,100.0,50.0,50.0
justify-self-block,100.0,50.0,50.0,50.0
print-color-adjust,50.0,100.0,100.0,50.0
spelling-grammar-error,50.0,50.0,50.0,50.0
supports-compat,100.0,50.0,100.0,50.0
vibration,100.0,50.0,50.0,50.0
overflow-clip-margin,92.1,81.6,49.2,49.2
sizes-auto,96.2,99.1,49.1,49.1
supports-at-rule,100.0,48.0,48.0,48.0
object-fit,52.8,96.5,47.2,47.2
wasm-reference-types,47.2,47.2,100.0,47.2
background-sync,100.0,47.1,47.1,47.1
baseline-shift,47.1,100.0,47.1,47.1
wasm-simd-relaxed,47.1,47.1,48.4,47.1
masonry,46.4,46.2,77.2,46.2
screen-orientation,67.3,73.1,46.2,46.2
web-otp,100.0,46.2,46.2,46.2
device-posture,100.0,45.2,45.2,45.2
webxr-gamepads,55.6,44.4,44.4,44.4
interpolate-size,100.0,44.3,44.3,44.3
word-break-auto-phrase,100.0,43.8,43.8,43.8
host,97.0,60.6,43.4,43.4
prefers-reduced-data,43.3,43.3,43.3,43.3
fetch-request-streams,100.0,48.7,41.9,41.9
selection,91.0,55.1,41.6,41.6
before-after,41.4,96.6,48.3,41.4
text-autospace,43.2,63.1,41.4,41.4
capture-stream-audio-video,100.0,81.8,40.9,40.9
network-information,88.1,40.5,40.5,40.5
topics,100.0,42.9,40.5,40.5
baseline-source,93.1,96.9,40.0,40.0
font-display,40.0,40.0,40.0,40.0
font-synthesis-position,40.0,100.0,40.0,40.0
font-variant-emoji,100.0,95.0,40.0,40.0
rem,100.0,100.0,40.0,40.0
local-network-access,97.4,38.5,38.5,38.5
font-family-system,37.5,75.0,100.0,37.5
page-orientation,76.2,81.0,37.5,37.5
attr,94.2,37.4,38.3,37.4
progress-function,100.0,36.9,97.6,36.9
keyboard-lock,86.8,36.8,36.8,36.8
eyedropper,100.0,36.4,36.4,36.4
resource-timing,98.6,83.2,36.4,36.4
web-based-payment-handler,75.2,35.9,36.6,35.9
interactivity,92.9,35.7,35.7,35.7
virtual-keyboard,100.0,34.9,34.9,34.9
async-clipboard,89.7,81.0,34.5,34.5
widows-orphans,100.0,34.5,72.4,34.5
file-system-access,84.0,46.0,34.4,34.4
rhythmic-sizing,35.8,33.8,35.8,33.8
focus-visible,76.7,99.0,33.7,33.7
container-style-queries,98.2,33.6,72.0,33.6
column-pseudo,83.3,33.3,33.3,33.3
font-language-override,100.0,100.0,33.3,33.3
light-dark,33.3,74.4,33.3,33.3
link-rel-expect,100.0,33.3,100.0,33.3
overflow-anchor,100.0,100.0,33.3,33.3
target,100.0,66.7,33.3,33.3
forced-colors,66.9,52.6,32.5,32.5
stretch,100.0,32.7,32.4,32.4
is-input-pending,92.7,31.7,31.7,31.7
picture-in-picture,100.0,30.9,64.9,30.9
field-sizing,100.0,29.8,98.9,29.8
serial,99.3,29.8,29.8,29.8
ua-client-hints,100.0,29.8,29.8,29.8
content-index,29.5,29.5,29.5,29.5
periodic-background-sync,61.8,29.4,29.4,29.4
text-emphasis,28.9,93.3,32.2,28.9
user-select,71.4,85.7,28.6,28.6
custom-media-queries,28.0,28.0,28.0,28.0
intersection-observer-v2,68.5,27.8,27.8,27.8
device-orientation-events,77.0,51.8,27.3,27.3
touch-events,95.9,87.7,27.1,27.1
webdriver,93.4,95.8,27.0,27.0
line-clamp,29.6,28.9,26.8,26.8
wasm-multi-memory,30.7,30.7,26.7,26.7
webhid,98.8,26.5,26.5,26.5
container-anchor-position-queries,100.0,28.3,26.4,26.4
readablestream-from,26.4,100.0,26.4,26.4
font-metric-overrides,100.0,100.0,25.9,25.9
remote-playback,100.0,25.5,97.9,25.5
context-fill-stroke,100.0,25.0,37.5,25.0
iframe-credentialless,96.7,25.0,33.3,25.0
webxr-ar,42.4,24.2,24.2,24.2
box-decoration-break,100.0,78.6,23.8,23.8
caret-shape,92.1,26.3,23.7,23.7
customized-built-in-elements,98.9,100.0,23.7,23.7
share,23.5,23.5,91.2,23.5
hanging-punctuation,23.1,23.1,98.1,23.1
input-color,22.8,43.8,100.0,22.8
input-color-alpha,22.8,43.8,100.0,22.8
webxr-anchors,55.6,22.2,22.2,22.2
alignment-baseline,92.2,21.9,93.8,21.9
random-function,22.3,21.3,67.7,21.3
text-spacing-trim,99.0,21.2,37.2,21.2
scoped-custom-element-registries,97.9,21.0,93.5,21.0
has-slotted,20.9,56.7,20.9,20.9
sibling-count,96.9,20.8,55.2,20.8
urlpattern,92.7,92.7,20.8,20.8
scroll-initial-target,100.0,24.1,20.7,20.7
transferable-streams,90.9,100.0,20.5,20.5
scroll-markers,95.3,20.6,20.2,20.2
accesskey,80.0,80.0,20.0,20.0
measure-memory,75.0,20.0,20.0,20.0
resource-size,100.0,100.0,20.0,20.0
scroll-target-group,97.1,20.0,20.0,20.0
function,98.6,19.7,20.0,19.7
text-box,71.0,19.7,85.0,19.7
reading-flow,90.2,22.8,19.6,19.6
scroll-buttons,100.0,19.5,20.7,19.5
dialog-closedby,100.0,99.2,19.4,19.4
customizable-select,87.0,24.6,19.3,19.3
initial-letter,97.9,18.6,18.6,18.6
webxr-lighting-estimation,67.4,18.6,18.6,18.6
battery,90.8,18.5,18.5,18.5
interest-invokers,95.3,18.5,18.5,18.5
show-picker-select,100.0,90.9,18.2,18.2
webxr-hand-input,100.0,18.2,18.2,18.2
storage-buckets,96.8,17.9,17.9,17.9
requestidlecallback,96.6,98.3,17.2,17.2
margin-trim,15.9,15.9,93.8,15.9
highlightsfrompoint,100.0,100.0,15.4,15.4
css-modules,100.0,100.0,15.2,15.2
plane-detection,65.0,15.0,15.0,15.0
sanitizer,71.1,68.9,14.9,14.9
keyboard-map,92.6,14.8,14.8,14.8
scroll-driven-animations,97.7,14.8,62.3,14.8
paint,91.0,14.6,14.6,14.6
background-clip-border-area,14.3,14.3,71.4,14.3
cross-fade,14.3,14.3,14.3,14.3
filter-function,14.3,14.3,57.1,14.3
text-wrap-pretty,100.0,14.3,100.0,14.3
background-fetch,85.7,13.9,13.9,13.9
presentation-api,100.0,13.9,13.9,13.9
web-midi,97.8,98.9,13.5,13.5
screen-capture,96.8,54.6,13.0,13.0
object-view-box,100.0,12.8,12.8,12.8
webnn,98.8,12.9,12.8,12.8
navigator-modelcontext,12.2,12.2,12.2,12.2
corner-shape,96.1,12.1,12.0,12.0
overlay,100.0,11.2,11.2,11.2
autocorrect,11.1,100.0,100.0,11.1
secure-payment-confirmation,95.8,9.9,14.1,9.9
webusb,80.6,9.5,9.5,9.5
webxr-depth-sensing,37.3,9.3,9.3,9.3
transformstream-transformer-cancel,9.1,9.1,9.1,9.1
gap-decorations,9.1,9.1,9.0,9.0
closewatcher,98.9,98.9,8.7,8.7
heading-selectors,8.6,8.6,8.6,8.6
attribution-reporting,79.2,8.3,8.3,8.3
ambient-light,78.0,8.0,8.0,8.0
permissions-policy,19.0,7.9,10.3,7.9
speech-recognition,61.5,7.7,7.7,7.7
writingsuggestions,100.0,7.5,7.5,7.5
gyroscope,79.6,7.4,7.4,7.4
shared-storage,26.5,7.4,7.4,7.4
ruby-overhang,14.3,7.1,14.3,7.1
non-cookie-storage-access,100.0,6.7,6.7,6.7
notifications-apps,100.0,17.6,6.7,6.7
web-bluetooth,6.4,6.4,6.4,6.4
compute-pressure,96.3,6.3,6.3,6.3
webxr-device,50.1,6.3,6.3,6.3
link-rel-prefetch,90.0,84.0,6.0,6.0
webxr-hit-test,58.4,6.0,6.0,6.0
fit-content-function,5.9,5.9,5.9,5.9
fetchlater,85.7,5.8,5.8,5.8
view-transitions-element-scoped,97.1,5.7,5.7,5.7
orientation-sensor,81.3,5.6,5.6,5.6
element-timing,90.9,5.5,5.5,5.5
magnetometer,40.5,5.4,5.4,5.4
accelerometer,79.3,5.3,5.3,5.3
webxr-layers,79.6,5.3,5.3,5.3
long-animation-frames,65.3,5.1,5.1,5.1
profiler,87.2,5.1,5.1,5.1
move-before,91.9,91.9,4.9,4.9
css-typed-om,82.4,4.6,82.1,4.6
cross-document-view-transitions,83.3,4.4,80.0,4.4
virtual-sensors,100.0,4.3,4.3,4.3
xslt,4.2,98.5,99.0,4.2
fencedframe,5.5,4.2,3.7,3.7
calc-size,99.9,3.4,3.6,3.4
text-justify,99.6,96.6,3.4,3.4
barcode,3.3,3.3,3.3,3.3
if,100.0,3.1,3.1,3.1
payment-request,89.6,2.7,95.9,2.7
edit-context,84.4,2.6,2.6,2.6
document-picture-in-picture,95.0,2.5,2.5,2.5
insertable-streams,22.1,2.3,47.7,2.3
jpegxl,2.1,2.1,47.9,2.1
text-size-adjust,100.0,1.9,1.9,1.9
longtasks,81.8,1.8,1.8,1.8
layout-instability,99.1,1.7,1.7,1.7
web-nfc,1.7,1.7,1.7,1.7
idle-detection,100.0,1.6,1.6,1.6
scheduler,100.0,99.3,1.0,1.0
fedcm,69.4,2.2,0.6,0.6
observable,99.2,0.4,0.4,0.4
speculation-rules,71.8,0.2,16.2,0.2
mask-border,0.1,0.1,95.6,0.1
alerts,0.0,0.0,0.0,0.0
async-iterable-streams,97.6,90.2,0.0,0.0
audio-video-tracks,0.0,0.0,75.0,0.0
autocapitalize,100.0,87.5,0.0,0.0
avif,100.0,0.0,100.0,0.0
bfcache-blocking-reasons,76.9,0.0,0.0,0.0
canvas-2d-alpha,100.0,100.0,0.0,0.0
capture-stream-canvas,50.0,100.0,0.0,0.0
clipboard-custom-format,54.5,72.7,0.0,0.0
clipboard-svg,100.0,0.0,0.0,0.0
clipboard-unsanitized-formats,100.0,0.0,0.0,0.0
clipboardchange,100.0,0.0,0.0,0.0
compression-dictionary-transport,100.0,0.0,0.0,0.0
contact-picker,22.2,0.0,0.0,0.0
container-scroll-state-queries,94.1,0.0,0.0,0.0
controls-list,100.0,0.0,0.0,0.0
counter-reset-reversed,0.0,85.2,0.0,0.0
custom-ellipses,0.0,57.1,0.0,0.0
declarative-webmcp,0.0,0.0,0.0,0.0
element-capture,100.0,0.0,0.0,0.0
federated-credentials,83.3,0.0,0.0,0.0
getallrecords,100.0,0.0,0.0,0.0
getboxquads,0.0,0.0,0.0,0.0
hsts,0.0,100.0,100.0,0.0
hyphenate-limit-chars,100.0,100.0,0.0,0.0
image-function,0.0,0.0,0.0,0.0
ink,100.0,0.0,0.0,0.0
local-fonts,81.6,13.2,0.0,0.0
media-pseudos,0.0,91.3,95.7,0.0
mixin,0.0,0.0,0.0,0.0
navigator-install,0.0,0.0,0.0,0.0
numeric-factory-functions,100.0,0.0,100.0,0.0
origin,77.4,0.0,77.4,0.0
page-visibility-state,100.0,0.0,0.0,0.0
password-credentials,83.3,0.0,0.0,0.0
ping,94.7,0.0,100.0,0.0
pointer-events,100.0,0.0,100.0,0.0
private-network-access,100.0,0.0,0.0,0.0
region-capture,100.0,0.0,0.0,0.0
registerprotocolhandler,100.0,0.0,0.0,0.0
screen-orientation-lock,25.0,33.3,0.0,0.0
scroll-marker-targets,100.0,0.0,0.0,0.0
scroll-snap-events,100.0,5.6,0.0,0.0
shared-storage-locks,0.0,0.0,0.0,0.0
speak,91.2,0.0,76.5,0.0
summarizer,26.0,0.0,0.0,0.0
text-decoration-selection,100.0,0.0,0.0,0.0
time-relative-selectors,0.0,0.0,0.0,0.0
top-level-await,100.0,100.0,0.0,0.0
viewport,100.0,0.0,0.0,0.0
viewport-segments,100.0,0.0,0.0,0.0
wasm-mutable-globals,0.0,0.0,0.0,0.0
webauthn-signals,100.0,0.0,37.5,0.0
webdriver-bidi,96.3,87.6,0.0,0.0
webvtt-cue-alignment,0.0,75.0,75.0,0.0
webvtt-regions,0.0,58.1,64.5,0.0
webxr-camera,0.0,0.0,0.0,0.0
window-controls-overlay,100.0,0.0,0.0,0.0
window-management,61.9,0.0,0.0,0.0
